{
    "animations":[],
    "skinIndices":[12,9,9,10,10,9,12,13,3,2,6,2,6,2,3,2,3,1,6,1,6,1,3,1,4,3,4,3,7,6,7,6,7,6,7,6,4,3,4,3,5,4,5,4,8,7,8,7,8,7,8,7,5,4,5,4,9,12,12,9,2,6,2,3,1,3,1,6,11,10,11,10,11,10,11,10,14,13,14,13,14,13,14,13,13,0,13,14,13,12,13,14,10,11,10,0,10,11,10,12,0,12,0,6,0,6,0,12,0,0,0,0,2,0,2,6,2,3,2,3,2,6,2,0],
    "vertices":[0.427266,2.99449,-0.718609,0.427266,2.99449,0.718609,-0.427266,2.99449,0.718609,-0.427266,2.99449,-0.718609,0.427266,6.21193,-0.718609,0.427265,6.21193,0.718609,-0.427266,6.21193,0.718608,-0.427266,6.21193,-0.718609,0.427266,5.65942,-0.718609,0.427266,5.65942,0.718609,-0.427266,5.65942,0.718608,-0.427266,5.65942,-0.718609,0.427266,5.65942,-1.81315,0.427266,6.21193,-1.81315,0.427266,5.65942,1.81315,0.427266,6.21193,1.81315,-0.427266,5.65942,1.81315,-0.427266,6.21193,1.81315,-0.427266,5.65942,-1.81315,-0.427266,6.21193,-1.81315,0.427266,5.65942,-3.11587,0.427266,6.21193,-3.11587,0.427266,5.65942,3.11587,0.427266,6.21193,3.11587,-0.427266,5.65942,3.11587,-0.427266,6.21193,3.11587,-0.427266,5.65942,-3.11587,-0.427266,6.21193,-3.11587,0.427266,2.99449,-9.44633e-08,-0.427266,2.99449,-3.47442e-07,0.427266,6.21193,1.10235e-07,-0.427266,6.21193,-4.03755e-07,-0.427266,5.65942,-3.79604e-07,0.427266,5.65942,9.15529e-08,0.427266,-0.12239,0.900505,0.427266,-0.12239,1.61911,-0.427266,-0.12239,1.61911,-0.427266,-0.12239,0.900505,0.427266,-0.086473,-1.47765,0.427266,-0.086473,-0.75904,-0.427266,-0.086473,-0.75904,-0.427266,-0.086473,-1.47765,0.427266,1.45401,-0.37952,0.427266,1.45401,-1.09813,-0.427266,1.45401,-0.37952,-0.427266,1.45401,-1.09813,0.427266,1.43605,1.16886,0.427266,1.43605,0.450252,-0.427266,1.43605,1.16886,-0.427266,1.43605,0.450252,0.427266,4.32696,-0.718609,0.427266,4.32696,0.718609,-0.427266,4.32696,0.718609,-0.427266,4.32696,-0.718609,0.427266,4.32696,-1.16714e-10,-0.427266,4.32696,-3.64192e-07,0.253204,7.63379,-5.09671e-08,0.253204,7.63379,0.425859,0.253204,7.63379,-0.425859,-0.253204,7.63379,-0.425859,-0.253204,7.63379,0.425858,-0.253204,7.63379,-3.5481e-07],
    "uvs":[],
    "skinWeights":[0.849088,0.0844413,0.499532,0.47847,0.473255,0.460649,0.920285,0.0122165,0.860779,0.0830905,0.867501,0.0798879,0.856478,0.0850151,0.86263,0.0821077,0.859028,0.0562989,0.859932,0.0560503,0.854441,0.0573195,0.855279,0.0572165,0.920723,0.0278057,0.92116,0.0277987,0.920917,0.0279363,0.920873,0.028244,0.917346,0.0308931,0.917804,0.0309217,0.917557,0.0310221,0.917487,0.0313376,0.939441,0.0578074,0.930886,0.0659824,0.930592,0.0662531,0.939518,0.0577362,0.936979,0.0600588,0.927738,0.068871,0.927847,0.0687579,0.937225,0.0598268,0.822287,0.103446,0.84552,0.0775188,0.819333,0.0624597,0.808983,0.0661432,0.773857,0.0650492,0.786216,0.0614217,0.936076,0.0625854,0.958515,0.0319754,0.957842,0.0343861,0.932604,0.0654391,0.949593,0.0488994,0.939068,0.0588908,0.93953,0.0585807,0.949825,0.0479189,0.942139,0,0.946856,0.0127783,0.94012,0.0111977,0.944745,0.0153396,0.958017,0.0118384,0.951318,0,0.960411,0.0142825,0.945128,0.00178894,0.854008,0.0608427,0.861928,0.0564288,0.860307,0.0567015,0.852407,0.0676331,0.940449,0,0.936493,0,0.99009,0,0.951177,0.0381778,0.947292,0.0441626,0.945824,0.0476748,0.951568,0.0358459,0.989193,0],
    "metadata":{
        "generator":"io_three",
        "type":"Geometry",
        "vertices":62,
        "version":3,
        "uvs":0,
        "bones":15,
        "normals":54,
        "faces":60
    },
    "influencesPerVertex":2,
    "normals":[-0.99259,0.121511,-1.2725e-07,1,8.09108e-08,3.11042e-07,1,8.09108e-08,-4.08422e-08,-1,0,-2.07361e-07,4.53383e-07,2.23663e-08,-1,-1,0,-1.08913e-07,-1,1.1131e-14,-2.07361e-07,-5.92886e-07,-2.23663e-08,1,1,4.47326e-08,1.65889e-07,4.3403e-13,1,-3.66032e-07,0,-1,0,1,-1.07881e-07,5.44563e-08,0,1,-0,-5.46969e-13,-1,4.3565e-07,-1,-8.22471e-14,1.36141e-07,0,1,0,-3.48756e-06,-2.15763e-07,1,1.81353e-06,2.15762e-07,-1,-1,0,-0,1,-1.07881e-07,4.5754e-08,-9.44653e-13,-1,3.66032e-07,1.02125e-12,1,-3.66032e-07,-1,-8.09108e-08,3.43155e-08,1,1.07881e-07,-4.5754e-08,1,-3.35495e-08,1.86625e-07,-1,-3.71032e-15,-1.24417e-07,-1,-1.78963e-14,-1.24417e-07,1,0,2.48833e-07,0.99259,0.121511,3.36302e-07,1,0,-0,-1.28995e-07,0.27756,0.960708,-1,-5.99091e-08,-2.07361e-07,2.7949e-07,-0.27756,-0.960708,-2.63786e-07,-0.239212,0.970968,-1,3.06518e-08,-1.24417e-07,3.29732e-07,0.239212,-0.970968,3.73696e-07,0.239212,-0.970968,-1,3.06518e-08,-1.24417e-07,-3.0775e-07,-0.239211,0.970967,1,0,0,2.57991e-07,-0.27756,-0.960708,-1,-5.99091e-08,-2.07361e-07,-1.50495e-07,0.27756,0.960708,-1,-8.94652e-08,-1.65889e-07,1,-3.35495e-08,6.22084e-08,1,2.23663e-08,4.14722e-08,-3.13881e-07,-6.70989e-08,1,-1,-8.94652e-08,-1.65889e-07,5.23134e-07,6.70989e-08,-1,0,1,0,-0.99259,0.121511,-1.81785e-07,4.07287e-07,0.201662,-0.979455,0.99259,0.121511,2.81767e-07,-7.69321e-07,0.201662,0.979455],
    "faces":[33,31,6,60,61,0,0,0,0,33,33,30,5,9,1,1,1,1,33,9,5,15,14,2,2,2,2,33,32,31,7,11,3,3,3,3,33,50,0,3,53,4,4,4,4,33,6,10,16,17,5,5,5,5,33,55,32,11,53,6,6,6,6,33,51,9,10,52,7,7,7,7,33,54,33,9,51,8,8,8,8,33,19,13,21,27,9,9,9,9,33,12,18,26,20,10,10,10,10,33,4,8,12,13,11,11,11,11,33,7,4,13,19,12,12,12,12,33,10,9,14,16,13,13,13,13,33,11,7,19,18,14,14,14,14,33,8,11,18,12,10,10,10,10,33,5,6,17,15,15,15,15,15,33,22,23,25,24,16,16,16,16,33,21,20,26,27,17,17,17,17,33,17,16,24,25,18,18,18,18,33,13,12,20,21,19,19,19,19,33,16,14,22,24,20,20,20,20,33,15,17,25,23,21,21,21,21,33,18,19,27,26,22,22,22,22,33,14,15,23,22,23,23,23,23,33,50,8,33,54,24,24,24,24,33,52,10,32,55,25,25,25,25,33,10,6,31,32,26,26,26,26,33,8,4,30,33,27,27,27,27,33,5,30,56,57,28,28,28,28,33,34,35,36,37,10,10,10,10,33,46,35,34,47,29,29,29,29,33,48,36,35,46,30,30,30,30,33,49,37,36,48,31,31,31,31,33,47,34,37,49,32,32,32,32,33,38,39,40,41,10,10,10,10,33,42,39,38,43,29,29,29,29,33,44,40,39,42,33,33,33,33,33,45,41,40,44,34,34,34,34,33,43,38,41,45,35,35,35,35,33,0,43,45,3,36,36,36,36,33,3,45,44,29,37,37,37,37,33,29,44,42,28,38,38,38,38,33,43,0,28,42,39,39,39,39,33,28,47,49,29,40,40,40,40,33,29,49,48,2,41,41,41,41,33,2,48,46,1,42,42,42,42,33,1,46,47,28,29,29,29,29,33,2,52,55,29,43,43,43,43,33,0,50,54,28,44,44,44,44,33,28,54,51,1,45,45,45,45,33,1,51,52,2,46,46,46,46,33,29,55,53,3,47,47,47,47,33,8,50,53,11,48,48,48,48,33,56,61,60,57,15,15,15,15,33,58,59,61,56,49,49,49,49,33,7,31,61,59,50,50,50,50,33,4,7,59,58,51,51,51,51,33,30,4,58,56,52,52,52,52,33,6,5,57,60,53,53,53,53],
    "bones":[{
        "parent":-1,
        "pos":[0.00804877,3.3113,0.0211891],
        "name":"Bone",
        "scl":[1.62685,1.62685,1.62685],
        "rotq":[0.707107,0,-0,0.707107]
    },{
        "parent":0,
        "pos":[0,9.31323e-10,-0.881984],
        "name":"Bone.001",
        "scl":[1,1,1],
        "rotq":[0,0,-0,1]
    },{
        "parent":1,
        "pos":[0,9.31323e-10,-0.731702],
        "name":"Bone.002",
        "scl":[1,1,1],
        "rotq":[0,0,-0,1]
    },{
        "parent":1,
        "pos":[0,9.31323e-10,-0.731702],
        "name":"Bone.003",
        "scl":[1,1,1],
        "rotq":[-0.707107,0,-0,0.707107]
    },{
        "parent":3,
        "pos":[0,2.38419e-07,-0.460264],
        "name":"Bone.004",
        "scl":[1,1,1],
        "rotq":[0,0,-0,1]
    },{
        "parent":4,
        "pos":[0,2.38419e-07,-0.731702],
        "name":"Bone.005",
        "scl":[1,1,1],
        "rotq":[0,0,-0,1]
    },{
        "parent":1,
        "pos":[0,9.31323e-10,-0.731702],
        "name":"Bone.006",
        "scl":[1,1,1],
        "rotq":[3.09086e-08,0.707107,-0.707107,3.09086e-08]
    },{
        "parent":6,
        "pos":[-4.29395e-10,2.38851e-07,-0.424859],
        "name":"Bone.007",
        "scl":[1,1,1],
        "rotq":[0,0,-4.37114e-08,1]
    },{
        "parent":7,
        "pos":[0,2.38419e-07,-0.737603],
        "name":"Bone.008",
        "scl":[1,1,1],
        "rotq":[0,0,-0,1]
    },{
        "parent":-1,
        "pos":[0.00804877,3.3113,0.0211891],
        "name":"Bone.009",
        "scl":[1.62685,1.62685,1.62685],
        "rotq":[-5.41734e-08,0.930195,0.367065,2.77126e-08]
    },{
        "parent":9,