{
    "animations":[],
    "skinIndices":[0,0,0,0,0,0,0,0,0,1,0,1,0,1,0,1,1,0,1,0,1,0,1,0,1,0,1,0,1,0,1,0,1,0,1,0,1,0,1,0,0,1,0,1,0,1,0,1,0,0,0,0,0,0,0,0],
    "vertices":[1,-1,-1,1,-1,1,-1,-1,1,-1,-1,-1,1,1,-1,0.999999,1,1,-1,1,1,-1,1,-1,1,3.03344,-1,0.999999,3.03344,1,-1,3.03344,-1,-1,3.03344,1,1,5.16341,-1,0.999999,5.16341,1,-1,5.16341,-1,-1,5.16341,0.999999,-1,4.09842,0.999999,-1,4.09842,-1,1,4.09842,-1,0.999999,4.09842,1,1,2.01672,-1,0.999999,2.01672,1,-1,2.01672,1,-1,2.01672,-1,1,-4.37114e-08,-1,1,4.37114e-08,1,-1,4.37114e-08,1,-1,-4.37114e-08,-1],
    "uvs":[],
    "skinWeights":[0.993938,0,0.994315,0,0.993943,0,0.994315,0,0.943388,0.0566119,0.943457,0.0565426,0.943463,0.0565369,0.943457,0.0565426,0.792434,0.207566,0.791386,0.208613,0.791386,0.208614,0.791053,0.208947,0.970937,0.00812627,0.946743,0.0532569,0.946743,0.0532569,0.941709,0.0582913,0.9376,0.0623995,0.938926,0.0610744,0.943928,0.0560723,0.938926,0.0610744,0.791393,0.208607,0.791628,0.208372,0.791711,0.208289,0.791628,0.208372,0.984351,0,0.984441,0,0.984368,0,0.984441,0],
    "metadata":{
        "generator":"io_three",
        "type":"Geometry",
        "vertices":28,
        "version":3,
        "uvs":0,
        "bones":3,
        "normals":24,
        "faces":26
    },
    "influencesPerVertex":2,
    "normals":[-5.32907e-15,-1,2.98023e-08,1,0,5.66244e-07,1,2.98022e-08,4.32134e-07,-3.72529e-07,-8.94071e-08,1,-1,-1.49012e-07,-2.23517e-07,2.5332e-07,1.49012e-07,-1,-1,-1.33437e-14,-2.08616e-07,-1,-1.39772e-14,-2.08616e-07,2.83122e-07,-2.93123e-08,-1,-4.61936e-07,2.93123e-08,1,0,1,0,2.83122e-07,-2.79838e-08,-1,-4.61936e-07,2.79838e-08,1,1,0,5.66244e-07,-4.61936e-07,8.39513e-08,1,2.83122e-07,-8.39513e-08,-1,-1,-2.66874e-14,-2.08616e-07,-4.76837e-07,5.86245e-08,1,2.68221e-07,-5.86245e-08,-1,-1,-2.79544e-14,-2.08616e-07,2.5332e-07,2.08616e-07,-1,-1,-1.19209e-07,-2.38419e-07,-1.49012e-07,-5.96047e-08,1,1,5.96046e-08,1.49012e-07],
    "faces":[33,0,1,2,3,0,0,0,0,33,21,20,8,9,1,1,1,1,33,24,4,5,25,2,2,2,2,33,25,5,6,26,3,3,3,3,33,26,6,7,27,4,4,4,4,33,24,0,3,27,5,5,5,5,33,17,16,15,14,6,6,6,6,33,23,22,11,10,7,7,7,7,33,20,23,10,8,8,8,8,8,33,22,21,9,11,9,9,9,9,33,12,14,15,13,10,10,10,10,33,18,17,14,12,11,11,11,11,33,16,19,13,15,12,12,12,12,33,19,18,12,13,13,13,13,13,33,9,8,18,19,13,13,13,13,33,11,9,19,16,14,14,14,14,33,8,10,17,18,15,15,15,15,33,10,11,16,17,16,16,16,16,33,6,5,21,22,17,17,17,17,33,4,7,23,20,18,18,18,18,33,7,6,22,23,19,19,19,19,33,5,4,20,21,1,1,1,1,33,4,24,27,7,20,20,20,20,33,2,26,27,3,21,21,21,21,33,1,25,26,2,22,22,22,22,33,0,24,25,1,23,23,23,23],
    "bones":[{
        "parent":-1,
        "pos":[0,-0.891052,-0],
        "name":"Bone",
        "scl":[1,1,1],
        "rotq":[0.707107,0,-0,0.707107]
    },{
        "parent":0,
        "pos":[0,0,-2.93061],
        "name":"Bone.001",
        "scl":[1,1,1],
        "rotq":[6.71794e-08,0,-0,1]
    },{
        "parent":1,
        "pos":[0,0,-3.11868],
        "name":"Bone.002",
        "scl":[1,1,1],
        "rotq":[-7.10543e-15,-1.69269e-09,1.69269e-09,1]
    }]
}