{
    "uvs":[],
    "colors":[8352337,8169642,3964545,8154958,3701630,3898752,15323540,7641220,16777215,3832701,8954503],
    "vertices":[-1,0,1,-1,4,1,-1,0,-1,-1,4,-1,1,0,1,1,4,1,1,0,-1,1,4,-1],
    "metadata":{
        "uvs":0,
        "normals":6,
        "colors":11,
        "generator":"io_three",
        "faces":6,
        "vertices":8,
        "type":"Geometry",
        "version":3
    },
    "normals":[-1,0,0,0,-5.96046e-08,-1,1,0,0,0,2.98023e-08,1,0,-1,0,0,1,0],
    "faces":[161,0,1,3,2,0,0,0,0,0,1,2,3,161,2,3,7,6,1,1,1,1,3,4,5,3,161,6,7,5,4,2,2,2,2,3,6,6,3,161,1,0,4,5,3,3,3,3,7,3,3,6,161,4,0,2,6,4,4,4,4,8,8,8,3,161,7,3,1,5,5,5,5,5,9,10,7,6]
}