{
    "uvs":[],
    "colors":[7296839,9137241],
    "vertices":[-10,4.37114e-07,10,10,4.37114e-07,10,-10,-4.37114e-07,-10,10,-4.37114e-07,-10],
    "metadata":{
        "uvs":0,
        "normals":1,
        "colors":2,
        "generator":"io_three",
        "faces":1,
        "vertices":4,
        "type":"Geometry",
        "version":3
    },
    "normals":[0,1,-4.37114e-08],
    "faces":[161,0,1,3,2,0,0,0,0,0,1,1,0]
}